{
  "optimized_cache": {
    "first_access": {
      "mean": 1.5417266500298865,
      "median": 1.5226460018311627,
      "stdev": 0.07192443743134701,
      "min": 1.4884999982314184,
      "max": 2.058250000118278
    },
    "subsequent_same": {
      "mean": 0.07654287008335814,
      "median": 0.07145850395318121,
      "stdev": 0.017068498504048457,
      "min": 0.06320800457615405,
      "max": 0.16641699767205864
    },
    "subsequent_different": {
      "mean": 0.06461836062953807,
      "median": 0.0610624992987141,
      "stdev": 0.009670608641236172,
      "min": 0.056791992392390966,
      "max": 0.10366700007580221
    },
    "validator_build": {
      "mean": 1.6638357999909203,
      "median": 1.5967084909789264,
      "stdev": 0.1664778215933636,
      "min": 1.5390410117106512,
      "max": 2.888999995775521
    },
    "examples_collect": {
      "mean": 0.08157710937666707,
      "median": 0.07710450154263526,
      "stdev": 0.013026292718494844,
      "min": 0.06745799328200519,
      "max": 0.13012500130571425
    }
  },
  "preemptive_benefit": {
    "#/components/schemas/User": {
      "mean": 0.07872162066632882,
      "median": 0.07245800225064158,
      "stdev": 0.015402354104353094
    },
    "#/components/schemas/Email": {
      "mean": 0.08055344194872305,
      "median": 0.07587499567307532,
      "stdev": 0.015717508745033325
    },
    "#/components/schemas/Product": {
      "mean": 0.08246665995102376,
      "median": 0.0784585063229315,
      "stdev": 0.017453608626109104
    },
    "#/components/schemas/Tag": {
      "mean": 0.07435089908540249,
      "median": 0.06993750139372423,
      "stdev": 0.011465335553773319
    },
    "#/components/schemas/Contact": {
      "mean": 0.08116584125673398,
      "median": 0.07272900256793946,
      "stdev": 0.021666944612482957
    },
    "#/components/schemas/OrderLine": {
      "mean": 0.08083668013568968,
      "median": 0.07247949542943388,
      "stdev": 0.017457869313361733
    }
  },
  "memory_efficiency": {
    "initial_pointers": 13,
    "final_pointers": 13,
    "initial_size": 17883,
    "final_size": 17883
  }
}
