{
  "current_cache": {
    "cold_start": {
      "mean": 1.6313150295172818,
      "median": 1.5883749947533943,
      "stdev": 0.14643011409061304,
      "min": 1.5193330036709085,
      "max": 2.7684170054271817
    },
    "warm_cache": {
      "mean": 0.06546751959831454,
      "median": 0.061520499002654105,
      "stdev": 0.015828802205500293,
      "min": 0.05716699524782598,
      "max": 0.17712500994093716
    },
    "validator_build": {
      "mean": 0.11054453032556921,
      "median": 0.10506249964237213,
      "stdev": 0.01783874520674263,
      "min": 0.09387500176671892,
      "max": 0.19337500270921737
    },
    "examples_collect": {
      "mean": 0.0731937495584134,
      "median": 0.06699999357806519,
      "stdev": 0.01709581763360516,
      "min": 0.06195799505803734,
      "max": 0.17866700363811105
    }
  },
  "multiple_pointers": {
    "#/components/schemas/User": {
      "mean": 1.5945608596666716,
      "median": 1.5544585039606318,
      "stdev": 0.08718329413195174,
      "min": 1.522874998045154,
      "max": 1.78958399919793
    },
    "#/components/schemas/Email": {
      "mean": 1.5568791786790825,
      "median": 1.535437499114778,
      "stdev": 0.07078300117213451,
      "min": 1.5107080107554793,
      "max": 1.879582996480167
    },
    "#/components/schemas/Product": {
      "mean": 1.5880908397957683,
      "median": 1.5565415014862083,
      "stdev": 0.07961373515608705,
      "min": 1.516958000138402,
      "max": 1.8341670074732974
    },
    "#/components/schemas/Tag": {
      "mean": 1.6108184400945902,
      "median": 1.5652915026294068,
      "stdev": 0.10627942508042729,
      "min": 1.5257920022122562,
      "max": 2.010249998420477
    },
    "#/components/schemas/Contact": {
      "mean": 1.6040823806542903,
      "median": 1.5648955013602972,
      "stdev": 0.0971543862433782,
      "min": 1.5224170056171715,
      "max": 2.0132079953327775
    },
    "#/components/schemas/OrderLine": {
      "mean": 1.5930034185294062,
      "median": 1.559916498081293,
      "stdev": 0.0731480859724333,
      "min": 1.5192090068012476,
      "max": 1.8152090051444247
    }
  },
  "cache_overhead": {
    "no_cache": {
      "mean": 1.4901361800730228,
      "median": 1.4581875002477318,
      "stdev": 0.0791018712685564
    },
    "cold_cache": {
      "mean": 1.623292489675805,
      "median": 1.5779379900777712,
      "stdev": 0.09862055661526677
    },
    "warm_cache": {
      "mean": 0.06186997954500839,
      "median": 0.05625000630971044,
      "stdev": 0.011131465899784422
    }
  }
}
